{"v":"5.7.8","fr":25,"ip":0,"op":50,"w":512,"h":300,"nm":"Comp 1","ddd":0,"assets":[{"id":"comp_0","layers":[{"ddd":0,"ind":1,"ty":1,"nm":"White Solid 1","sr":1,"ks":{"o":{"a":0,"k":100,"ix":11},"r":{"a":0,"k":0,"ix":10},"p":{"a":1,"k":[{"i":{"x":0.833,"y":0.833},"o":{"x":0.167,"y":0.167},"t":0,"s":[258.75,147.5,0],"to":[0,6.083,0],"ti":[0,-6.083,0]},{"i":{"x":0.833,"y":0.833},"o":{"x":0.167,"y":0.167},"t":25,"s":[258.75,184,0],"to":[0,0,0],"ti":[0,0,0]},{"i":{"x":0.833,"y":0.833},"o":{"x":0.167,"y":0.167},"t":27,"s":[258.75,184,0],"to":[0,-6.083,0],"ti":[0,6.083,0]},{"t":49,"s":[258.75,147.5,0]}],"ix":2,"l":2},"a":{"a":0,"k":[256,150,0],"ix":1,"l":2},"s":{"a":0,"k":[100,100,100],"ix":6,"l":2}},"ao":0,"hasMask":true,"masksProperties":[{"inv":false,"mode":"a","pt":{"a":0,"k":{"i":[[0,0],[14.436,-0.708],[0,0],[0,0],[-0.773,-16.753],[0,0],[-14.433,0.515],[0,0],[0.207,20.117]],"o":[[0,0],[-13.144,0.644],[0,0],[0,0],[0.773,16.753],[0,0],[14.433,-0.515],[0,0],[-0.193,-18.814]],"v":[[274.041,75.709],[234.866,75.773],[222.173,90.206],[221.786,93.557],[222.044,154.768],[232.804,171.198],[273.526,171.07],[286.606,156.314],[286.348,93.557]],"c":true},"ix":1},"o":{"a":0,"k":100,"ix":3},"x":{"a":0,"k":0,"ix":4},"nm":"Mask 1"}],"sw":512,"sh":300,"sc":"#ffffff","ip":0,"op":50,"st":0,"bm":0},{"ddd":0,"ind":2,"ty":4,"nm":"Shape Layer 2","sr":1,"ks":{"o":{"a":0,"k":100,"ix":11},"r":{"a":0,"k":0,"ix":10},"p":{"a":1,"k":[{"i":{"x":0.833,"y":0.833},"o":{"x":0.167,"y":0.167},"t":0,"s":[256,150,0],"to":[0,6.083,0],"ti":[0,-6.083,0]},{"i":{"x":0.833,"y":0.833},"o":{"x":0.167,"y":0.167},"t":25,"s":[256,186.5,0],"to":[0,0,0],"ti":[0,0,0]},{"i":{"x":0.833,"y":0.833},"o":{"x":0.167,"y":0.167},"t":27,"s":[256,186.5,0],"to":[0,-6.083,0],"ti":[0,6.083,0]},{"t":49,"s":[256,150,0]}],"ix":2,"l":2},"a":{"a":0,"k":[0,0,0],"ix":1,"l":2},"s":{"a":0,"k":[100,100,100],"ix":6,"l":2}},"ao":0,"shapes":[{"ty":"gr","it":[{"ind":0,"ty":"sh","ix":1,"ks":{"a":0,"k":{"i":[[0,0],[17.25,0.25],[-2.25,-3.5],[-14.75,-16.5],[-7.185,7.552],[-3.859,5.046]],"o":[[0,0],[-13.75,3.75],[2.25,3.5],[11.365,12.646],[4.037,-4.242],[7.75,-16.75]],"v":[[44,-17],[-47,-16],[-53.25,3.75],[-12,45],[14.187,44.19],[56.5,1.5]],"c":true},"ix":2},"nm":"Path 1","mn":"ADBE Vector Shape - Group","hd":false},{"ty":"fl","c":{"a":0,"k":[1,1,1,1],"ix":4},"o":{"a":0,"k":100,"ix":5},"r":1,"bm":0,"nm":"Fill 1","mn":"ADBE Vector Graphic - Fill","hd":false},{"ty":"tr","p":{"a":0,"k":[0,0],"ix":2},"a":{"a":0,"k":[0,0],"ix":1},"s":{"a":0,"k":[100,100],"ix":3},"r":{"a":0,"k":0,"ix":6},"o":{"a":0,"k":100,"ix":7},"sk":{"a":0,"k":0,"ix":4},"sa":{"a":0,"k":0,"ix":5},"nm":"Transform"}],"nm":"Shape 1","np":3,"cix":2,"bm":0,"ix":1,"mn":"ADBE Vector Group","hd":false}],"ip":0,"op":50,"st":0,"bm":0}]},{"id":"comp_1","layers":[{"ddd":0,"ind":1,"ty":1,"nm":"Pale Gray-Green Solid 1","sr":1,"ks":{"o":{"a":0,"k":100,"ix":11},"r":{"a":0,"k":0,"ix":10},"p":{"a":1,"k":[{"i":{"x":0.833,"y":0.833},"o":{"x":0.167,"y":0.167},"t":6,"s":[442.75,235,0],"to":[0.079,0.487,0],"ti":[-0.189,-1.173,0]},{"i":{"x":0.833,"y":0.833},"o":{"x":0.167,"y":0.167},"t":14,"s":[443.185,236.196,0],"to":[0.313,1.939,0],"ti":[-0.13,-0.805,0]},{"i":{"x":0.833,"y":0.833},"o":{"x":0.167,"y":0.167},"t":29,"s":[444,242.75,0],"to":[0.208,1.292,0],"ti":[-0.208,-1.292,0]},{"t":49,"s":[442.75,235,0]}],"ix":2,"l":2},"a":{"a":0,"k":[256,150,0],"ix":1,"l":2},"s":{"a":1,"k":[{"i":{"x":[0.833,0.833,0.833],"y":[0.833,0.833,0.833]},"o":{"x":[0.167,0.167,0.167],"y":[0.167,0.167,0.167]},"t":6,"s":[50,50,100]},{"i":{"x":[0.833,0.833,0.833],"y":[0.833,0.833,0.833]},"o":{"x":[0.167,0.167,0.167],"y":[0.167,0.167,0.167]},"t":14,"s":[48.217,48.217,100]},{"i":{"x":[0.833,0.833,0.833],"y":[0.833,0.833,0.833]},"o":{"x":[0.167,0.167,0.167],"y":[0.167,0.167,0.167]},"t":29,"s":[42,42,100]},{"t":49,"s":[50,50,100]}],"ix":6,"l":2}},"ao":0,"hasMask":true,"masksProperties":[{"inv":false,"mode":"a","pt":{"a":1,"k":[{"i":{"x":0.833,"y":0.833},"o":{"x":0.167,"y":0.167},"t":0,"s":[{"i":[[65.192,0],[0,-65.904],[-65.192,0],[0,65.904]],"o":[[-65.192,0],[0,65.904],[65.192,0],[0,-65.904]],"v":[[267.343,6.183],[149.302,124.997],[267.343,244.327],[385.384,124.997]],"c":true}]},{"t":6,"s":[{"i":[[65.192,0],[0,-65.904],[-65.192,0],[0,65.904]],"o":[[-65.192,0],[0,65.904],[65.192,0],[0,-65.904]],"v":[[267.343,6.183],[149.302,124.997],[267.343,244.327],[385.384,124.997]],"c":true}]}],"ix":1},"o":{"a":0,"k":100,"ix":3},"x":{"a":0,"k":0,"ix":4},"nm":"Mask 1"}],"sw":512,"sh":300,"sc":"#898c89","ip":0,"op":50,"st":0,"bm":0}]}],"layers":[{"ddd":0,"ind":1,"ty":0,"nm":"Pre-comp 2","refId":"comp_0","sr":1,"ks":{"o":{"a":0,"k":100,"ix":11},"r":{"a":0,"k":0,"ix":10},"p":{"a":0,"k":[256,150,0],"ix":2,"l":2},"a":{"a":0,"k":[256,150,0],"ix":1,"l":2},"s":{"a":0,"k":[100,100,100],"ix":6,"l":2}},"ao":0,"w":512,"h":300,"ip":0,"op":50,"st":0,"bm":0},{"ddd":0,"ind":2,"ty":4,"nm":"Shape Layer 1","sr":1,"ks":{"o":{"a":0,"k":100,"ix":11},"r":{"a":0,"k":0,"ix":10},"p":{"a":0,"k":[256,149.5,0],"ix":2,"l":2},"a":{"a":0,"k":[0,0,0],"ix":1,"l":2},"s":{"a":0,"k":[100,100,100],"ix":6,"l":2}},"ao":0,"shapes":[{"ty":"gr","it":[{"ty":"rc","d":1,"s":{"a":0,"k":[379.5,100.5],"ix":2},"p":{"a":0,"k":[0,0],"ix":3},"r":{"a":0,"k":0,"ix":4},"nm":"Rectangle Path 1","mn":"ADBE Vector Shape - Rect","hd":false},{"ty":"fl","c":{"a":0,"k":[0.537254901961,0.549019607843,0.537254901961,1],"ix":4},"o":{"a":0,"k":100,"ix":5},"r":1,"bm":0,"nm":"Fill 1","mn":"ADBE Vector Graphic - Fill","hd":false},{"ty":"tr","p":{"a":0,"k":[-1.25,82.25],"ix":2},"a":{"a":0,"k":[0,0],"ix":1},"s":{"a":0,"k":[100,100],"ix":3},"r":{"a":0,"k":0,"ix":6},"o":{"a":0,"k":100,"ix":7},"sk":{"a":0,"k":0,"ix":4},"sa":{"a":0,"k":0,"ix":5},"nm":"Transform"}],"nm":"Rectangle 1","np":3,"cix":2,"bm":0,"ix":1,"mn":"ADBE Vector Group","hd":false}],"ip":0,"op":50,"st":0,"bm":0},{"ddd":0,"ind":3,"ty":0,"nm":"Pre-comp 1","refId":"comp_1","sr":1,"ks":{"o":{"a":0,"k":100,"ix":11},"r":{"a":0,"k":0,"ix":10},"p":{"a":0,"k":[-128.5,150,0],"ix":2,"l":2},"a":{"a":0,"k":[256,150,0],"ix":1,"l":2},"s":{"a":0,"k":[100,100,100],"ix":6,"l":2}},"ao":0,"w":512,"h":300,"ip":0,"op":50,"st":0,"bm":0},{"ddd":0,"ind":4,"ty":1,"nm":"Pale Gray-Green Solid 1","sr":1,"ks":{"o":{"a":0,"k":100,"ix":11},"r":{"a":0,"k":0,"ix":10},"p":{"a":1,"k":[{"i":{"x":0.833,"y":0.833},"o":{"x":0.167,"y":0.167},"t":6,"s":[442.75,235,0],"to":[0.079,0.487,0],"ti":[-0.189,-1.173,0]},{"i":{"x":0.833,"y":0.833},"o":{"x":0.167,"y":0.167},"t":14,"s":[443.185,236.196,0],"to":[0.313,1.939,0],"ti":[-0.13,-0.805,0]},{"i":{"x":0.833,"y":0.833},"o":{"x":0.167,"y":0.167},"t":29,"s":[444,242.75,0],"to":[0.208,1.292,0],"ti":[-0.208,-1.292,0]},{"t":49,"s":[442.75,235,0]}],"ix":2,"l":2},"a":{"a":0,"k":[256,150,0],"ix":1,"l":2},"s":{"a":1,"k":[{"i":{"x":[0.833,0.833,0.833],"y":[0.833,0.833,0.833]},"o":{"x":[0.167,0.167,0.167],"y":[0.167,0.167,0.167]},"t":6,"s":[50,50,100]},{"i":{"x":[0.833,0.833,0.833],"y":[0.833,0.833,0.833]},"o":{"x":[0.167,0.167,0.167],"y":[0.167,0.167,0.167]},"t":14,"s":[48.217,48.217,100]},{"i":{"x":[0.833,0.833,0.833],"y":[0.833,0.833,0.833]},"o":{"x":[0.167,0.167,0.167],"y":[0.167,0.167,0.167]},"t":29,"s":[42,42,100]},{"t":49,"s":[50,50,100]}],"ix":6,"l":2}},"ao":0,"hasMask":true,"masksProperties":[{"inv":false,"mode":"a","pt":{"a":1,"k":[{"i":{"x":0.833,"y":0.833},"o":{"x":0.167,"y":0.167},"t":0,"s":[{"i":[[65.192,0],[0,-65.904],[-65.192,0],[0,65.904]],"o":[[-65.192,0],[0,65.904],[65.192,0],[0,-65.904]],"v":[[267.343,6.183],[149.302,124.997],[267.343,244.327],[385.384,124.997]],"c":true}]},{"t":6,"s":[{"i":[[65.192,0],[0,-65.904],[-65.192,0],[0,65.904]],"o":[[-65.192,0],[0,65.904],[65.192,0],[0,-65.904]],"v":[[267.343,6.183],[149.302,124.997],[267.343,244.327],[385.384,124.997]],"c":true}]}],"ix":1},"o":{"a":0,"k":100,"ix":3},"x":{"a":0,"k":0,"ix":4},"nm":"Mask 1"}],"sw":512,"sh":300,"sc":"#898c89","ip":0,"op":50,"st":0,"bm":0},{"ddd":0,"ind":5,"ty":1,"nm":"Pale Gray-Green Solid 1","sr":1,"ks":{"o":{"a":0,"k":100,"ix":11},"r":{"a":0,"k":0,"ix":10},"p":{"a":0,"k":[393,169.5,0],"ix":2,"l":2},"a":{"a":0,"k":[256,150,0],"ix":1,"l":2},"s":{"a":0,"k":[58,58,100],"ix":6,"l":2}},"ao":0,"hasMask":true,"masksProperties":[{"inv":false,"mode":"a","pt":{"a":1,"k":[{"i":{"x":0.833,"y":0.833},"o":{"x":0.167,"y":0.167},"t":0,"s":[{"i":[[65.192,0],[0,-65.904],[-65.192,0],[0,65.904]],"o":[[-65.192,0],[0,65.904],[65.192,0],[0,-65.904]],"v":[[267.343,6.183],[149.302,124.997],[267.343,244.327],[385.384,124.997]],"c":true}]},{"i":{"x":0.833,"y":0.833},"o":{"x":0.167,"y":0.167},"t":6,"s":[{"i":[[65.192,0],[0,-65.904],[-65.192,0],[0,65.904]],"o":[[-65.192,0],[0,65.904],[65.192,0],[0,-65.904]],"v":[[267.343,6.183],[149.302,124.997],[267.343,244.327],[385.384,124.997]],"c":true}]},{"i":{"x":0.833,"y":0.833},"o":{"x":0.167,"y":0.167},"t":13,"s":[{"i":[[58.858,-0.01],[2.077,-63.306],[-64.271,0],[0,64.572]],"o":[[-65.201,2.958],[0,64.572],[64.271,0],[-0.919,-68.327]],"v":[[267.322,15.576],[153.923,130.117],[267.366,244.327],[379.333,130.827]],"c":true}]},{"i":{"x":0.833,"y":0.833},"o":{"x":0.167,"y":0.167},"t":23,"s":[{"i":[[49.808,-0.023],[5.251,-61.137],[-62.955,0],[0,62.668]],"o":[[-49.33,-0.023],[0,62.668],[62.955,0],[-5.867,-60.706]],"v":[[267.291,41.295],[164.973,137.43],[267.399,244.327],[368.332,139.154]],"c":true}]},{"i":{"x":0.833,"y":0.833},"o":{"x":0.167,"y":0.167},"t":30,"s":[{"i":[[54.703,-0.016],[3.58,-62.653],[-63.667,0],[-0.634,58.865]],"o":[[-54.377,-0.016],[0,63.698],[63.667,0],[-7.531,-59.669]],"v":[[267.033,39.958],[164.062,138.578],[267.381,244.543],[369.134,136.393]],"c":true}]},{"i":{"x":0.833,"y":0.833},"o":{"x":0.167,"y":0.167},"t":34,"s":[{"i":[[57.5,-0.012],[2.626,-63.52],[-64.074,0],[0,64.286]],"o":[[-57.261,-0.012],[0,64.286],[64.074,0],[-2.933,-63.305]],"v":[[266.886,31.066],[160.155,132.291],[267.371,244.327],[372.979,133.8]],"c":true}]},{"t":45,"s":[{"i":[[65.192,0],[0,-65.904],[-65.192,0],[0,65.904]],"o":[[-65.192,0],[0,65.904],[65.192,0],[0,-65.904]],"v":[[267.343,8.446],[149.302,124.997],[267.343,244.327],[385.384,124.997]],"c":true}]}],"ix":1},"o":{"a":0,"k":100,"ix":3},"x":{"a":0,"k":0,"ix":4},"nm":"Mask 1"}],"sw":512,"sh":300,"sc":"#898c89","ip":0,"op":50,"st":0,"bm":0},{"ddd":0,"ind":6,"ty":1,"nm":"Pale Gray-Green Solid 1","sr":1,"ks":{"o":{"a":0,"k":100,"ix":11},"r":{"a":0,"k":0,"ix":10},"p":{"a":0,"k":[130.5,189,0],"ix":2,"l":2},"a":{"a":0,"k":[256,150,0],"ix":1,"l":2},"s":{"a":0,"k":[75.5,75.5,100],"ix":6,"l":2}},"ao":0,"hasMask":true,"masksProperties":[{"inv":false,"mode":"a","pt":{"a":1,"k":[{"i":{"x":0.833,"y":0.833},"o":{"x":0.167,"y":0.167},"t":0,"s":[{"i":[[65.192,0],[0,-65.904],[-65.192,0],[0,65.904]],"o":[[-65.192,0],[0,65.904],[65.192,0],[0,-65.904]],"v":[[267.343,6.183],[149.302,124.997],[267.343,244.327],[385.384,124.997]],"c":true}]},{"i":{"x":0.833,"y":0.833},"o":{"x":0.167,"y":0.167},"t":6,"s":[{"i":[[65.192,0],[0,-65.904],[-65.192,0],[0,65.904]],"o":[[-65.192,0],[0,65.904],[65.192,0],[0,-65.904]],"v":[[267.343,6.183],[149.302,124.997],[267.343,244.327],[385.384,124.997]],"c":true}]},{"i":{"x":0.833,"y":0.833},"o":{"x":0.167,"y":0.167},"t":23,"s":[{"i":[[54.164,-2.313],[0,-62.668],[-62.955,0],[0,62.668]],"o":[[-43.849,-5.624],[0,62.668],[62.955,0],[-0.885,-57.015]],"v":[[267.399,28.472],[159.37,130.856],[267.399,244.327],[376.091,130.856]],"c":true}]},{"i":{"x":0.833,"y":0.833},"o":{"x":0.167,"y":0.167},"t":34,"s":[{"i":[[62.801,-1.433],[0,-64.286],[-64.074,0],[0,64.286]],"o":[[-60.378,-0.109],[0,64.286],[64.074,0],[-0.443,-61.46]],"v":[[267.371,14.347],[153.011,127.927],[267.371,244.327],[382.062,127.927]],"c":true}]},{"t":45,"s":[{"i":[[65.192,0],[0,-65.904],[-65.192,0],[0,65.904]],"o":[[-65.192,0],[0,65.904],[65.192,0],[0,-65.904]],"v":[[267.343,6.183],[149.302,124.997],[267.343,244.327],[385.384,124.997]],"c":true}]}],"ix":1},"o":{"a":0,"k":100,"ix":3},"x":{"a":0,"k":0,"ix":4},"nm":"Mask 1"}],"sw":512,"sh":300,"sc":"#898c89","ip":0,"op":50,"st":0,"bm":0},{"ddd":0,"ind":7,"ty":1,"nm":"Pale Gray-Green Solid 1","sr":1,"ks":{"o":{"a":0,"k":100,"ix":11},"r":{"a":0,"k":0,"ix":10},"p":{"a":0,"k":[247,148,0],"ix":2,"l":2},"a":{"a":0,"k":[256,150,0],"ix":1,"l":2},"s":{"a":0,"k":[96.5,96.5,100],"ix":6,"l":2}},"ao":0,"hasMask":true,"masksProperties":[{"inv":false,"mode":"a","pt":{"a":1,"k":[{"i":{"x":0.833,"y":0.833},"o":{"x":0.167,"y":0.167},"t":0,"s":[{"i":[[65.192,0],[0,-65.904],[-65.192,0],[0,65.904]],"o":[[-65.192,0],[0,65.904],[65.192,0],[0,-65.904]],"v":[[267.343,6.183],[149.302,124.997],[267.343,244.327],[385.384,124.997]],"c":true}]},{"i":{"x":0.833,"y":0.833},"o":{"x":0.167,"y":0.167},"t":6,"s":[{"i":[[65.192,0],[0,-65.904],[-65.192,0],[0,65.904]],"o":[[-65.192,0],[0,65.904],[65.192,0],[0,-65.904]],"v":[[267.343,6.183],[149.302,124.997],[267.343,244.327],[385.384,124.997]],"c":true}]},{"i":{"x":0.833,"y":0.833},"o":{"x":0.167,"y":0.167},"t":23,"s":[{"i":[[62.955,0],[0,-62.668],[-62.955,0],[0,62.668]],"o":[[-62.955,0],[0,62.668],[62.955,0],[0,-62.668]],"v":[[267.399,17.876],[153.409,130.856],[267.399,244.327],[381.389,130.856]],"c":true}]},{"i":{"x":0.833,"y":0.833},"o":{"x":0.167,"y":0.167},"t":26,"s":[{"i":[[62.955,0],[0,-62.668],[-62.955,0],[0,62.668]],"o":[[-62.955,0],[0,62.668],[62.955,0],[0,-62.668]],"v":[[267.399,17.876],[153.409,130.856],[267.399,244.327],[381.389,130.856]],"c":true}]},{"t":45,"s":[{"i":[[65.192,0],[0,-65.904],[-65.192,0],[0,65.904]],"o":[[-65.192,0],[0,65.904],[65.192,0],[0,-65.904]],"v":[[267.343,6.183],[149.302,124.997],[267.343,244.327],[385.384,124.997]],"c":true}]}],"ix":1},"o":{"a":0,"k":100,"ix":3},"x":{"a":0,"k":0,"ix":4},"nm":"Mask 1"}],"sw":512,"sh":300,"sc":"#898c89","ip":0,"op":50,"st":0,"bm":0}],"markers":[]}