{
  "project_info": {
    "project_number": "764519722502",
    "project_id": "chatting-321117",
    "storage_bucket": "chatting-321117.appspot.com"
  },
  "client": [
    {
      "client_info": {
        "mobilesdk_app_id": "1:764519722502:android:9dded9faef7d9619551d87",
        "android_client_info": {
          "package_name": "com.app.fourchatting"
        }
      },
      "oauth_client": [
        {
          "client_id": "764519722502-0gdr71i6csklckdgusqvql4to0e1odt1.apps.googleusercontent.com",
          "client_type": 1,
          "android_info": {
            "package_name": "com.app.fourchatting",
            "certificate_hash": "b730c6e4ec4caf8f9a26317cf52f2b11839db2ed"
          }
        },
        {
          "client_id": "764519722502-1spgkeavok2lrb1g50cijavdj0iq2tr0.apps.googleusercontent.com",
          "client_type": 1,
          "android_info": {
            "package_name": "com.app.fourchatting",
            "certificate_hash": "f1544ddfb9a686ec637410c3ce6906ef8df3d42f"
          }
        },
        {
          "client_id": "764519722502-59l0vvpjrud7fsrefls6mt53ich8fndm.apps.googleusercontent.com",
          "client_type": 1,
          "android_info": {
            "package_name": "com.app.fourchatting",
            "certificate_hash": "7f021edcab45784157630c5f4227c118cd2066d4"
          }
        },
        {
          "client_id": "764519722502-kij1c596mktlcr6t1e06t619h8iacrca.apps.googleusercontent.com",
          "client_type": 1,
          "android_info": {
            "package_name": "com.app.fourchatting",
            "certificate_hash": "faed8520be963490708430ae45334b9d18485677"
          }
        },
        {
          "client_id": "764519722502-0qfisnghiml0dagmfgq0p6uo3gl45h7n.apps.googleusercontent.com",
          "client_type": 3
        }
      ],
      "api_key": [
        {
          "current_key": "AIzaSyBSC5IB7c_0CcSC-hTNSlfeudjY9tGbJHE"
        }
      ],
      "services": {
        "appinvite_service": {
          "other_platform_oauth_client": [
            {
              "client_id": "764519722502-0qfisnghiml0dagmfgq0p6uo3gl45h7n.apps.googleusercontent.com",
              "client_type": 3
            },
            {
              "client_id": "764519722502-7ja172kcr90qu7jv8fmfd06jblrl1gtm.apps.googleusercontent.com",
              "client_type": 2,
              "ios_info": {
                "bundle_id": "com.app.4chatting"
              }
            }
          ]
        }
      }
    },
    {
      "client_info": {
        "mobilesdk_app_id": "1:764519722502:android:fa3d2b7bc0199064551d87",
        "android_client_info": {
          "package_name": "com.app.fourchattingapp"
        }
      },
      "oauth_client": [
        {
          "client_id": "764519722502-faes6s4rspp69b73crc3rnjounrs43j5.apps.googleusercontent.com",
          "client_type": 1,
          "android_info": {
            "package_name": "com.app.fourchattingapp",
            "certificate_hash": "3256ae21011e53d5c05a01d88469dbaaf8c69fea"
          }
        },
        {
          "client_id": "764519722502-0qfisnghiml0dagmfgq0p6uo3gl45h7n.apps.googleusercontent.com",
          "client_type": 3
        }
      ],
      "api_key": [
        {
          "current_key": "AIzaSyBSC5IB7c_0CcSC-hTNSlfeudjY9tGbJHE"
        }
      ],
      "services": {
        "appinvite_service": {
          "other_platform_oauth_client": [
            {
              "client_id": "764519722502-0qfisnghiml0dagmfgq0p6uo3gl45h7n.apps.googleusercontent.com",
              "client_type": 3
            },
            {
              "client_id": "764519722502-7ja172kcr90qu7jv8fmfd06jblrl1gtm.apps.googleusercontent.com",
              "client_type": 2,
              "ios_info": {
                "bundle_id": "com.app.4chatting"
              }
            }
          ]
        }
      }
    },
    {
      "client_info": {
        "mobilesdk_app_id": "1:764519722502:android:2a832b69cff609b5551d87",
        "android_client_info": {
          "package_name": "com.app.fourchattings"
        }
      },
      "oauth_client": [
        {
          "client_id": "764519722502-681r05bbl5vh94evo7a20064g5h0v6ur.apps.googleusercontent.com",
          "client_type": 1,
          "android_info": {
            "package_name": "com.app.fourchattings",
            "certificate_hash": "7f021edcab45784157630c5f4227c118cd2066d4"
          }
        },
        {
          "client_id": "764519722502-6hp08iqu656cn4odracqht4j73akpa86.apps.googleusercontent.com",
          "client_type": 1,
          "android_info": {
            "package_name": "com.app.fourchattings",
            "certificate_hash": "b730c6e4ec4caf8f9a26317cf52f2b11839db2ed"
          }
        },
        {
          "client_id": "764519722502-b2klijd4umm1j4msptqq949bm8inc4rk.apps.googleusercontent.com",
          "client_type": 1,
          "android_info": {
            "package_name": "com.app.fourchattings",
            "certificate_hash": "e5a7a68b418c55c065bdebb0806cd8a58230750a"
          }
        },
        {
          "client_id": "764519722502-nkblbabr6rgvas4q8u8f8el1658lt7qs.apps.googleusercontent.com",
          "client_type": 1,
          "android_info": {
            "package_name": "com.app.fourchattings",
            "certificate_hash": "a79402370d7657e5d19a60b84f753ac4cf0bd956"
          }
        },
        {
          "client_id": "764519722502-o8bqimh4875uf0631fjsmg9jd2ehumg1.apps.googleusercontent.com",
          "client_type": 1,
          "android_info": {
            "package_name": "com.app.fourchattings",
            "certificate_hash": "a79940e4395c245e275e05ab7a2e8738cd77e96a"
          }
        },
        {
          "client_id": "764519722502-pat076amb70tgo2f682ql4krui1ic6hi.apps.googleusercontent.com",
          "client_type": 1,
          "android_info": {
            "package_name": "com.app.fourchattings",
            "certificate_hash": "20329fb3b3c264e354530a67112376ad6ab2703b"
          }
        },
        {
          "client_id": "764519722502-puvld96p381qeqr0erptsdoi5eslrg9g.apps.googleusercontent.com",
          "client_type": 1,
          "android_info": {
            "package_name": "com.app.fourchattings",
            "certificate_hash": "13c2e335813da91865e16b98caae5040a7e3b2a9"
          }
        },
        {
          "client_id": "764519722502-tlu870as7olmme8i368459kvbuno5fuo.apps.googleusercontent.com",
          "client_type": 1,
          "android_info": {
            "package_name": "com.app.fourchattings",
            "certificate_hash": "2f481dc9d28a68417427686f5a4b383ab86fdbf1"
          }
        },
        {
          "client_id": "764519722502-0qfisnghiml0dagmfgq0p6uo3gl45h7n.apps.googleusercontent.com",
          "client_type": 3
        }
      ],
      "api_key": [
        {
          "current_key": "AIzaSyBSC5IB7c_0CcSC-hTNSlfeudjY9tGbJHE"
        }
      ],
      "services": {
        "appinvite_service": {
          "other_platform_oauth_client": [
            {
              "client_id": "764519722502-0qfisnghiml0dagmfgq0p6uo3gl45h7n.apps.googleusercontent.com",
              "client_type": 3
            },
            {
              "client_id": "764519722502-7ja172kcr90qu7jv8fmfd06jblrl1gtm.apps.googleusercontent.com",
              "client_type": 2,
              "ios_info": {
                "bundle_id": "com.app.4chatting"
              }
            }
          ]
        }
      }
    }
  ],
  "configuration_version": "1"
}